id,name,description,element,weapon_type,region,rarity,normalattack,elementalskill,elementalburst
1,Albedo,"A genius known as the Kreideprinz, he is the Chief Alchemist and Captain of the Investigation Team of the Knights of Favonius.",Geo,Sword,Mondstadt,5,"Normal Attack Perform up to 5 rapid strikes. Charged Attack Consumes a certain amount of Stamina to unleash 2 rapid sword strikes. Plunging Attack Plunges from mid-air to strike the ground below, damaging opponents along the path and dealing AoE DMG upon impact.","Albedo creates a Solar Isotoma using alchemy, which deals AoE Geo DMG on appearance. Solar Isotoma  When enemies within the Solar Isotoma zone are hit, the Solar Isotoma will generate Transient Blossoms which deal AoE Geo DMG. DMG dealt scales off Albedo's DEF. Transient Blossoms can only be generated once every 2s. When a character is located at the locus of the Solar Isotoma, the Solar Isotoma will accumulate Geo power to form a crystallized platform that lifts the character up to a certain height. Only one crystallized platform can exist at a time. Solar Isotoma is considered a Geo construct.  Hold to designate the location of the skill.","Under Albedo's command, Geo crystals surge and burst forth, dealing AoE Geo DMG in front of him. If a Solar Isotoma created by Albedo himself is on the field, 7 Fatal Blossoms will be generated in the Solar Isotoma field, bursting violently into bloom and dealing AoE Geo DMG Tecotonic Tide DMG and Fatal Blossom DMG will not generate Transient Blossoms."
2,Aloy,"",Cryo,Bow,Unknown,5,"Normal Attack Perform up to 4 consecutive shots with a bow. Charged Attack Perform a more precise Aimed Shot with increased DMG. While aiming, biting frost will accumulate on the arrowhead. A fully charged frost arrow will deal Cryo DMG Plunging Attack Fires off a shower of arrows in mid-air before falling and striking the ground, dealing AoE DMG upon impact.","Aloy throws a Freeze Bomb in the targeted direction and triggers an explosion, dealing Cryo DMG. After it explodes, the Freeze Bomb will split up into many Chillwater Bomblets that explode on contact with opponents or after a short delay, dealing Cryo DMG. When a Freeze Bomb or Chillwater Bomblet hits an opponent, the opponent's ATK is decreased and Aloy receives 1 Coil stack. Aloy can gain up to 1 Coil stack every 0.1s.  Coil Each stack increases Aloy's Normal Attack DMG. When Aloy has 4 Coil stacks, all stacks of Coil are cleared. She then enters the Rushing Ice state, which further increases the DMG dealt by her Normal Attacks and converts her Normal Attack DMG to Cryo DMG.","Aloy throws a Power Cell filled with Cryo in the targeted direction, then detonates it with an arrow, dealing AoE Cryo Damage."
3,Amber,"Always energetic and full of life, Amber's the best - albeit only - Outrider of the Knights of Favonius.",Pyro,Bow,Mondstadt,4,"Normal Attack Performs up to 5 consecutive shots with a bow. Charged Attack Perform a more precise Aimed Shot with increased DMG.  While aiming, flames accumulates on the arrowhead. A fully charged flaming arrow will deal Pyro DMG. Plunging Attack Fires off a shower of arrows in mid-air before falling and striking the ground, dealing AoE DMG upon impact.","Baron Bunny  Continuously taunts the enemy, drawing their fire. Baron Bunny's HP scales with Amber's Max HP. When destroyed or when its timer expires, Baron Bunny explodes, dealing AoE Pyro DMG.  Hold Adjusts the throwing direction of Baron Bunny.  The longer the button is held, the further the throw.","Fires of a shower of arrows, dealing continuous AoE Pyro DMG."
4,Arataki Itto,"The first and greatest head of the Arataki Gang, famed throughout Inazuma City's Hanamizaka... Wait, what? You've never heard of them? Are you trying to be funny here?",Geo,Claymore,Inazuma,5,"Normal Attack Perform up to 4 consecutive strikes. Charged Attack When holding to perform a Charged Attack, Itto unleashes a series of Arataki Kesagiri slashes without consuming Stamina. Instead, each Arataki Kesagiri slash consumes 1 stack of Superlative Superstrength. When the final stack is consumed, Itto delivers a powerful final slash. If no stacks of Superlative Superstrength are available, Itto will perform a single Saichimonji Slash. Plunging Attack Plunges from mid-air to strike the ground, damaging opponents along the path and dealing AoE DMG upon impact.","Hurls Ushi, the young akaushi bull and auxiliary member of the Arataki Gang, dealing Geo DMG to opponents on hit. When Ushi hits opponents, Arataki Itto gains 1 stack of Superlative Superstrength.","Time to show 'em the might of the Arataki Gang! For a time, Itto lets out his inner Raging Oni King, wielding his Oni King's Kanabou in battle."
5,Kamisato Ayaka,"Daughter of the Yashiro Commission's Kamisato Clan. Dignified and elegant, as well as wise and strong.",Cryo,Sword,Inazuma,5,"Normal Attack Performs up to 5 rapid strikes. Charged Attack Consumes a certain amount of Stamina to unleash a flurry of sword ki. Plunging Attack Plunges from mid-air to strike the ground below, damaging enemies along the path and dealing AoE DMG upon impact.","Summons blooming ice to launch nearby opponents, dealing AoE Cryo DMG.","Summons forth a snowstorm with flawless poise, unleasing a Frostflake Seki no To that moves forward continously. Frostflake Seki no To A storm of whirling icy winds that slashes repeatedly at every enemy it touches, dealing Cryo DMG. The snowstorm explodes after its duration ends, dealing AoE Cryo DMG."
6,Ayato,"The young but highly accomplished head of the Yashiro Commisson's Kamisato Clan. Cultured and polite, he is a man of many ways and means.",Hydro,Sword,Inazuma,5,"Normal Attack Performs up to 5 rapid strikes. Charged Attack Consumes a certain amount of Stamina to dash forward and perform an iai. Plunging Attack Plunges from mid-air to strike the ground below, damaging opponents along the path and dealing AoE DMG upon impact.","Kamisato Ayato shifts positions and enters the Takimeguri Kanka state. After this shift, he will leave a watery illusion at his original location. After it is formed, the watery illusion will explode if opponents are nearby or after its duration ends, dealing AoE Hydro DMG Takimeguri Kanka In this state, Kamisato Ayato uses his Shunsuiken to engage in blindingly fast attacks, causing DMG from his Normal Attacks to be converted into AoE Hydro DMG. This cannot be overridden. It also has the following properties: After a Shunsuiken attack hits an opponent, it will grant Ayato the Namisen effect, increasing the DMG dealt by Shunsuiken based on Ayato's current Max HP. The initial maximum number of Namisen stacks is 4, and 1 stack can be gained through Shunsuiken every 0.1s. This effect will be dispelled when Takimeguri Kanka ends. Kamisato Ayato's resistance to interruption is increased. Unable to use Charged or Plunging Attacks. Takimeguri Kanka will be cleared when Ayato leaves the field. Using Kamisato Art: Kyouka again while in the Takimeguri Kanka state will reset and replace the pre-existing state.","Unveils a garden of purity that silences the cacophony within. While this space exists, Bloomwater Blades will constantly rain down and attack opponents within its AoE, dealing Hydro DMG and increasing the Normal Attack DMG of characters within."
7,Barbara,"Every denizen of Mondstadt adores Barbara. However, she learned the word 'idol' from a magazine.",Hydro,Catalyst,Mondstadt,4,"Normal Attack Perform up to 4 water splashes attacks that deal Hydro DMG. Charged Attack Consumes a certain amount of Stamina to deal AoE Hydro DMG after a short casting time. Plunging Attack Gathering the might of Hydro, Barbara plunges towards the ground from mid-air, damaging all enemies in her path. Deals AoE Hydro DMG upon impact with the ground.","Summons water droplets resembling musical notes that form a Melody Loop, dealing Hydro DMG to surrounding enemies and afflicting them with the Wet status. Melody Loop  Barbara's Normal Attacks heal all party members and nearby allied characters for a certain amount of HP, which scales with Barbara's Max HP. Her Charged Attack generates 4 times the amount of healing. Regenerates a certain amount of the current character's HP at regular intervals. Applies the Wet status to the character and enemies who come in contact with them. ","Heals friendly forces and all parties for a large amount of HP that scales with Barbara's Max HP."
8,Beidou,"Captain of her crew, The Crux. She's quite an unbound and forthright woman.",Electro,Claymore,Liyue,4,"Normal Attack Performs up to 5 successive strikes. Charged Attack Drains Stamina over time to perform continuous slashes.  At end of the sequence, perform a more powerful slash. Plunging Attack Plunges from mid-air to strike the ground, damaging enemies along the path and dealing AoE DMG upon impact.","Nothing to worry about. Should anyone raise a hand against her or her men, she will avenge it ten-fold with sword and thunder. Press Accumulating the power of lightning, Beidou swings her blade forward fiercely, dealing Electro DMG. Hold Lifts her weapon up as a shield. Max DMG absorbed scales off Beidou's Max HP.  Attacks using the energy stored within the greatsword upon release or once this ability's duration expires, dealing Electro DMG. DMG dealt scales with the number of times Beidou is attacked in the skill's duration. The greatest DMG Bonus will be attained once this effect is triggered twice.  The shield possesses the following properties:  Has 250% Electro DMG Absorption Efficiency. Applies the Electro element to Beidou upon activation.","Recalling her slaying of the great beast Haishan. Beidou calls upon that monstrous strength and the lightning to create a Thunderbeast's Targe around herself. Thunderbeast's Target  When Normal and Charged Attacks hit, they create a lightning discharge that can jump between enemies, dealing Electro DMG. Increases the character's resistance to interruption, and decreases DMG taken. "
9,Bennett,"A righteous and good-natured adventurer from Mondstadt who's unfortunately extremely unlucky.",Pyro,Sword,Mondstadt,4,"Normal Attack Perform up to 5 rapid strikes. Charged Attack Consumes a certain amount of Stamina to unleash 2 rapid sword swings. Plunging Attack Plunges from mid-air to strike the ground below, damaging enemies along the path and dealing AoE DMG upon impact.","Bennett puts all his fire and passion for adventuring into his sword. Results may very based on how fired up he is. Press A single, swift flame strike that deals Pyro DMG. Hold (Short) Charges up, resulting in different effects when unleashed based on the Charge Level.  Level 1: Strikes twice, dealing Pyro DMG and launching enemies. Level 2: Unleashes 3 consecutive attacks that deal impressive Pyro DMG, but the last attack triggers an explosion that launches both Bennett and the enemy.  Bennett takes no damage from being launched.","Bennett leaps towards the enemy and performs a plunging attack, dealing Pyro DMG, creating an Inspiration Field. Inspiration Field  If the health of a character in the circle is equal to or falls below 70%, their health will continuously regenerate. Regeneration scales based on Bennett's Max HP. If the health of a character in the circle is higher than 70%, they gain an ATK Bonus that is based on Bennett's Base ATK. Applies the Pyro element to characters within the Field. "
10,Chongyun,"A young exorcist from a family of exorcists. He does everything he can to suppress his abundance of yang energy.",Cryo,Claymore,Liyue,4,"Normal Attack Performs up to 4 consecutive strikes. Charged Attack Drains Stamina over time to perform continuous swirling attacks against all nearby enemies.  At end of the sequence, perform a more powerful slash. Plunging Attack Plunges from mid-air to strike the ground below, damaging enemies along the path and dealing AoE DMG upon impact.","Chongyun strikes the ground with his greatsword, causing a Cryo explosion in a circular AoE in front of him that deals Cryo DMG.  After a short delay, the cold air created by the Cryo explosion will coalesce into a Chonghua Frost Field, within which all DMG done through Normal and Charged Attacks by Sword, Greatsword and Polearm-wielding characters will be converted to Cryo DMG.","Performing the secret hand seals, Chongyun summons 3 giant spirit blades in mid-air that fall to the earth one by one after a short delay, exploding as they hit the ground.  When the spirit blades explode, they will deal AoE Cryo DMG and launch enemies."
11,Collei,"Oh, you're going to Sumeru? Can you give my regards to Collei? Well... it's been so long, I wonder if her hair has grown out and if she's taller?\n— Amber",Dendro,Bow,Sumeru,4,"","Throws out a Floral Ring that deals 1 instance of Dendro DMG to targets it comes into contact with. The Floral Ring will return after a set time, dealing Dendro DMG once again.","Trusty Cuilein-Anbar comes to save the day! Throws the doll named Cuilein-Anbar, causing an explosion that deals AoE Dendro DMG, creating a Cuilein-Anbar Zone. Cuilein-Anbar will bounce around within this zone, dealing AoE Dendro DMG."
12,Diluc,"The tycoon of a winery empire in Mondstadt, unmatched in every possible way.",Pyro,Claymore,Mondstadt,5,"Normal Attack Performs up to 4 consecutive strikes. Charged Attack Drains Stamina over time to perform continuous slashes.  At the end of the sequence, perform a more powerful slash. Plunging Attack Plunges from mid-air to strike the ground, damaging enemies along the path and dealing AoE DMG upon impact.","Performs a forward slash that deals Pyro DMG. This skill can be used 3 times consecutively. Enters CD if not cast again within a short period.","Releases intense flames to knock nearby enemies back, dealing Pyro DMG. The flames then converge into the weapon, summoning a Phoenix that flies forward and deals massive Pyro DMG to all enemies in its path. The Phoenix explodes upon reaching its destination, causing a large amount of AoE Pyro DMG.  The searing flames that run down his blade cause Diluc's Normal and Charged Attacks to deal Pyro DMG for a time."
13,Diona,"A young lady who has inherited trace amounts of non-human blood. She is the incredibly popular bartender of the Cat's Tail tavern.",Cryo,Bow,Mondstadt,4,"Normal Attack Performs up to 5 consecutive shots with a bow. Charged Attack Perform a more precise Aimed Shot with increased DMG.  While aiming, biting frost accumulates on the arrowhead. A fully charged frost arrow will deal Cryo DMG. Plunging Attack Fires off a shower of arrows in mid-air before falling and striking the ground, dealing AoE DMG upon impact.","Fires an Icy Paw that deals Cryo DMG to opponents and forms a shield on hit. The shield's DMG Absorption scales based on Diona's Max HP, and its duration scales off the number of Icy Paws that hit their target. Press Rapidly fires off 2 Icy Paws. Hold Dashes back quickly before firing five Icy Paws. The shield created by a Hold attack will gain a 75% DMG Absorption Bonus. The shield has a 250% Cryo DMG Absorption Bonus, and will cause your active character to become affected by Cryo at the point of formation for a short duration.","Tosses out a special cold brew that deals AoE Cryo DMG and creates a Drunken Mist in an AoE. Drunken Mist  Deals continuous Cryo DMG to opponents within the AoE. Continuously regenerates the HP of characters within the AoE. "
14,Eula,"The Spindrift Knight, a scion of the old aristocracy, and the Captain of the Knights of Favonius Reconnaissance Company. The reason for which a descendant of the ancient nobles might join the Knights remains a great mystery in Mondstadt to this very day.",Cryo,Claymore,Mondstadt,5,"Normal Attack Perform up to five consecutive strikes. Charged Attack Drains Stamina over time to perform continuous slashes. At the end of the sequence, perform a more powerful slash. Plunging Attack  Plunges from mid-air to strike the ground, damaging opponents along the path and dealing AoE DMG upon impact.","Sharp frost, swift blade. Press Slashes swiftly, dealing Cryo DMG. When it hits an opponent, Eula gains a stack of Grimheart that stacks up to two times. These stats can only be gained once every 0.3s. Grimheart Increases Eula's resistance to interruption and DEF. Hold Wielding her sword, Eula consumes all the stacks of Grimheart and lashes forward, dealing AoE Cryo DMG to opponents in front of her. If Grimheart stacks are consumed, surrounding opponents will have their Physical RES and Cryo RES decreased. Each consumed stack of Grimheart will be converted into an Icewhirl Brand that deals Cryo DMG to nearby opponents.","Brandishes her greatsword, dealing Cryo DMG to nearby opponents and creating a Lightfall Sword that follows her around for a duration of up to 7s. While present, the Lightfall Sword increases Eula's resistance to interruption. When Eula's own Normal Attack, Elemental Skill, and Elemental Burst deal DMG to opponents, they will charge the Lightfall Sword, which can gain an energy stack once every 0.1s. Once its duration ends, the Lightfall Sword will descend and explode violently, dealing Physical DMG to nearby opponents. This DMG scales on the number of energy stacks the Lightfall Sword has accumulated. If Eula leaves the field, the Lightfall Sword will immediately explode."
15,Fischl,"A mysterious girl who calls herself 'Prinzessin der Verurteilung' and travels with a night raven named Oz.",Electro,Bow,Mondstadt,4,"Normal Attack Performs up to 5 consecutive shots with a bow. Charged Attack Perform a more precise Aimed Shot with increased DMG.  While aiming, the dark lightning spirits of Immernachtreich shall heed the call of their Prinzessin and indwell the enchanted arrowhead. When fully indwelt, the Rachsuchtig Blitz shall deal immense Electro DMG. Plunging Attack Fires off a shower of arrows in mid-air before falling and striking the ground, dealing AoE DMG upon impact.","Summons Oz, the night raven forged of darkness and lightning descends upon the land, dealing Electro DMG in a small AoE.  For the ability's duration, Oz will continuously attack nearby enemies with Freikugel. Hold to adjust the location Oz will be summoned to.  Press again any time during the ability's duration to once again summon him to Fischl's side.","Summons Oz to spread his twin swings of twilight and defend Fischl.  Has the following properties during the ability's duration:  Fischl takes on Oz's form, greatly increasing her Movement Speed. Strikes nearby enemies with lightning, dealing Electro DMG to enemies she comes into contact with. Each enemy can only be struck once. Once this ability's effects end, Oz will remain on the battlefield and attack his Prinzessin's foes. If Oz is already on the field, then this will reset the duration of his presence. "
16,Ganyu,"The secretary at Yuehai Pavilion. The blood of the qilin, an illuminated beast, flows within her veins.",Cryo,Bow,Liyue,5,"Normal Attack Perform up to 6 consecutive shots with a bow. Charged Attack Perform a more precise Aimed Shot with increased DMG. While aiming, an icy aura will accumulate on the arrowhead before the arrow is fired. Has different effects based on how long the energy has been charged Charge Level 1 Fires off an icy arrow that deals Cryo DMG. Charge Level 2 Fires off a Frostflake Arrow that deals Cryo DMG. The Frostflake Arrow blooms after hitting its target, dealing AoE Cryo DMG.","Leaving a single Ice Lotus behind, Ganyu dashes backward, shunning all impurity and dealing AoE Cryo DMG. The Ice Lotus continuously taunts surrounding opponents, attracting them to attack it. Its endurance scales based on Ganyu's Max HP, and it blooms profusely when destroyed or once its duration ends, dealing AoE Cryo DMG.","Coalesces atmospheric frost and snow to summon a Sacred Cryo Pearl that exorcises evil. While active, the Sacred Cryo Pearl will continuously rain down shards of ice, striking opponents within its AoE and dealing Cryo DMG."
17,Gorou,"The great general of Watatsumi Island's forces. He is deeply trusted by his subordinates.",Geo,Bow,Inazuma,4,"Normal Attack Perform up to 4 consecutive shots with a bow. Charged Attack Perform a more precise Aimed Shot with increased DMG. While aiming, stone crystals will accumulate on the arrowhead. A fully charged crystalline arrow will deal Geo DMG. Plunging Attack Fires off a shower of arrows in mid-air before falling and striking the ground, dealing AoE DMG upon impact.","Deals AoE Geo DMG and sets up a General's War Banner. General's War Banner Provides up to 3 buffs to active characters within the skill's AoE based on the number of Geo characters in the party at the time of casting: - 1 Geo character: Adds 'Standing Firm' - DEF Bonus. - 2 Geo characters: Adds 'Impregnable' - Increased resistance to interruption. - 3 Geo characters: Adds 'Crunch' - Geo DMG Bonus. Gorou can deploy only 1 General's War Banner on the field at any one time. Characters can only benefit from 1 General's War Banner at a time. When a party member leaves the field, the active buff will last for 2s. Hold Adjust the location of the skill.","Displaying his valor as a general, Gorou deals AoE Geo DMG and creates a field known as General's Glory to embolden his comrades. General's Glory This field has the following properties: - Like the General's War Banner created by Inuzaka All-Round Defense, provides buffs to active characters within the skill's AoE based on the number of Geo characters in the party. Also moves together with your active character. - Generates 1 Crystal Collapse every 1.5s that deals AoE Geo DMG to 1 opponent within the skill's AoE. - Pulls 1 elemental shard in the skill's AoE to your active character's position every 1.5s (elemental shards are created by Crystallize reactions). If a General's War Banner created by Gorou currently exists on the field when this ability is used, it will be destroyed. In addition, for the duration of General's Glory, Gorou's Elemental Skill 'Inuzaka All-Round Defense' will not create the General's War Banner. If Gorou falls, the effects of General's Glory will be cleared."
18,Hu Tao,"The 77th Director of the Wangsheng Funeral Parlor. She took over the business at a rather young age.",Pyro,Polearm,Liyue,5,"Normal Attack Performs up to 6 consecutive spear strikes. Charged Attack Consumes a certain amount of Stamina to lunge forward, dealing damage to enemies along the way. Plunging Attack Plunges from mid-air to strike the ground below, damaging enemies along the path and dealing AoE DMG upon impact.","Paramita Papilio Increases Hu Tao's ATK based on her Max HP at the time of entering this state. ATK Bonus gained this way cannot exceed 400% of Hu Tao's Base ATK. Converts attack DMG to Pyro DMG, which cannot be overridden by any other elemental infusion. Increases Hu Tao's resistance to interruption.  Blood Blossom Enemies affected by Blood Blossom will take Pyro DMG every 4s. This DMG is considered Elemental Skill DMG. Each enemy can be affected by only one Blood Blossom effect at a time, and its duration may only be refreshed by Hu Tao herself.  Paramita Papilio ends when its duration is over, or Hu Tao has left the battlefield or fallen.","Commands a blazing spirit to attack, dealing Pyro DMG in a large AoE. Upon striking the enemy, regenerates a percentage of Hu Tao's Max HP. This effect can be triggered up to 5 times, based on the number of enemies hit. If Hu Tao's HP is below or equal to 50% when the enemy is hit, both the DMG and HP Regeneration are increased."
19,Jean,"The righteous and rigorous Dandelion Knight, and Acting Grand Master of Mondstadt's Knights of Favonius",Anemo,Sword,Mondstadt,5,"Normal Attack Performs up to 5 consecutive strikes. Charged Attack Consumes a certain amount of Stamina to launch an enemy using the power of wind.  Launched enemies will slowly fall to the ground. Plunging Attack Plunges from mid-air to strike the ground below, damaging enemies along the path and dealing AoE DMG upon impact.","Focusing the might of the formless wind around her blade, Jean releases a miniature storm, launching enemies in the direction she aims at, dealing massive Anemo DMG. Hold At the cost of continued Stamina consumption, Jean can command the whirlwind to pull surrounding enemies towards her front.  Direction can be adjusted.  Character is immobile during skill duration.","Calling upon the wind's protection, Jean creates a swirling Dandelion Field, launching surrounding enemies and causing Anemo DMG.  At the same time, she instantly regenerates a large amount of HP for nearby allied units and all party members. HP restored scale off Jean's ATK. Dandelion Field  Continuously regenerates HP for one ally and imbues them with the Anemo attribute. Deals Anemo DMG to enemies entering or exiting the field. "
20,Kaeya,"An accomplished swordsman and a strategic thinker in the Knights of Favonius, rumored to hail from beyond Mondstadt.",Cryo,Sword,Mondstadt,4,"Normal Attack Performs up to 5 consecutive strikes. Charged Attack Consumes a certain amount of Stamina to unleash 2 rapid sword strikes. Plunging Attack Plunges from mid-air to strike the ground below, damaging enemeies along the path and dealing AoE DMG upon impact.","Unleashes a frigit blast, dealing Cryo DMG to enemies in front of Kaeya.","Coalescing the frost in the air, Kaeya summons 3 icicles that revolve around him.  These icicles will follow the character around and deal Cryo DMG to enemies in their path for so long as they persist."
21,Kaedehara Kazuha,"If one's heart is empty, all under heaven is empty. But if one's heart is pure, all under heaven is pure.",Anemo,Sword,Inazuma,5,"Normal Attack Perform up to 5 rapid strikes. Charged Attack Consumes a certain amount of Stamina to unleash 2 rapid sword strikes. Plunging Attack Plunges from mid-air to strike the ground below, damaging opponents along the path and dealing AoE DMG upon impact. If this Plunging Attack is triggered by Chihayaburu, it will be converted to Plunging Attack: Midare Ranzan. Plunging Attack: Midare Ranzan When a Plunging Attack is performed using the effects of the Elemental Skill Chihayaburu, Plunging Attack DMG is converted to Anemo DMG and will create a small wind tunnel via a secret blade technique that pulls in nearby objects and opponents.","Unleashes a secret technique as fierce as the rushing wind that pulls objects and opponents towards Kazuha's current position before launching opponents within the AoE, dealing Anemo DMG and lifting Kazuha into the air on a rushing gust of wind. Press Can be used in mid-air. Hold Charges up before unleashing greater Anemo DMG over a larger AoE than Press Mode. Plunging Attack: Midare Ranzan Within 10s of remaining airborne after casting Chihayaburu, Kazuha can unleash a powerful Plunging Attack known as Midare Ranzan. When a Plunging Attack is performed using the effects of the Elemental Skill Chihayaburu, Plunging Attack DMG is converted to Anemo DMG. On landing, Kazuha creates a small wind tunnel via a secret blade technique that pulls in nearby objects and opponents. Midare Ranzan's DMG is considered Plunging Attack DMG.","The signature technique of Kazuha's self-styled bladework — a single slash that strikes with the force of the first winds of autumn, dealing AoE Anemo DMG. The blade's passage will leave behind a field named 'Autumn Whirlwind' that periodically deals AoE Anemo DMG to opponents within its range. Elemental Absorption: If Autumn Whirlwind comes into contact with Hydro/Pyro/Cryo/Electro, it will deal additional elemental DMG of that type. Elemental Absorption may only occur once per use."
22,Keqing,"The Yuheng of the Liyue Qixing. Has much to say about Rex Lapis' unilateral approach to policymaking in Liyue - but in truth, gods admire skeptics such as her quite a lot.",Electro,Sword,Liyue,5,"Normal Attack Performs up to 5 rapid strikes. Charged Attack Consumes a certain amount of Stamina to unleash 2 rapid sword strikes. Plunging Attack Plunges from mid-air to strike the ground below, damaging enemeies along the path and dealing AoE DMG upon impact.","Hurls a Lightning Stiletto that annihilates her enemies like the swift thunder.  When the Stiletto hits its target, it deals Electro DMG to enemies in a small AoE, and places a Stiletto Mark on the spot hit. Hold Hold to adjust the direction in which the Stiletto shall be thrown.  Stilettos thrown by the Hold attack mode can be suspended in mid-air, allowing Keqing to jump to them when using Stellar Restoration a second time. Lightning Stiletto If Keqing uses Stellar Restoration again or uses a Charged Attack while its duration lasts, it will clear the Stiletto Mark and produce different effects:  If she uses Stellar Restoration again, she will blink to the location of the Mark and unleashed one slashing attack that deals AoE Electro DMG. When blinking to a Stiletto that was thrown from a Holding attack, Keqing can leap across obstructing terrain. If Keqing uses a Charged Attack, she will ignite a series of thundering cuts at the Mark's location, dealing AoE Electro DMG. ","Keqing unleashes the power of lightning, dealing Electro DMG in an AoE. She then blends into the shadow of her blade, striking a series of thunderclap-blows to nearby enemies simultaneous that deal multiple instance of Electro DMG. The final attack deals massive AoE Electro DMG."
23,Klee,"An explosives expert and a regular at the Knights of Favonius' confinement room. Also known as Fleeing Sunlight.",Pyro,Catalyst,Mondstadt,5,"Normal Attack Throws things that go boom when they hit things! Perform up to 3 explosive attacks, dealing AoE Pyro DMG. Charged Attack Consumes a certain amount of Stamina and deals Pyro DMG to enemies after a short casting time. Plunging Attack Gathering the power of Pyro, Klee plunges towards the ground from mid-air, damaging all enemies in her path. Deals AoE Pyro DMG upon impact with the ground.","Jumpy Dumpty is tons of boom-bang-fun!  When thrown, Jumpy Dumpty bounces thrice, igniting and dealing AoE Pyro DMG with every bounce. On the third bounce, the bomb splits into many mines.  The mines will explode upon contact with enemies, or after a short period of time, dealing AoE Pyro DMG. Starts with 2 charges.","Klee's Blazing Delight! For the duration of this ability, continuously summons Sparks 'n' Splash to attack nearby enemies, dealing AoE Pyro DMG."
24,Sangonomiya Kokomi,"The Divine Priestess of Watatsumi Island. All of the island's affairs are at this young lady's fingertips.",Hydro,Catalyst,Inazuma,5,"Normal Attack Performs up to 3 consecutive attacks that take the form of swimming fish, dealing Hydro DMG. Charged Attack Consumes a certain amount of Stamina to deal AoE Hydro DMG after a short casting time. Plunging Attack Gathering the might of Hydro, Kokomi plunges towards the ground from mid-air, damaging all opponents in her path. Deals AoE Hydro DMG upon impact with the ground.","Summons a 'bake-kurage' created from water that can heal her allies. Using this skill will apply the Wet status to Sangonomiya Kokomi.  Bake-Kurage: Deals Hydro DMG to surrounding opponents and heal nearby active characters at fixed intervals. This healing is based on Kokomi's Max HP.","The might of Watatsumi descends, dealing Hydro DMG to surrounding opponents, before robing Kokomi in a Ceremonial Garment made from the flowing waters of Sangonomiya.  Ceremonial Garment Sangonomiya Kokomi's Normal Attack, Charged Attack and Bake-Kurage DMG are increased based on her Max HP. When her Normal and Charged Attacks hit opponents, Kokomi will restore HP for all nearby party members, and the amount restored is based on her Max HP. Increases Sangonomiya Kokomi's resistance to interruption and allows her to move on the water's surface.  These effects will be cleared once Sangonomiya Kokomi leaves the field."
25,Kuki Shinobu,"The capable and reliable deputy leader of the 'Arataki Gang.' Please note",Electro,Sword,Inazuma,4,"Normal Attack Perform up to 4 rapid strikes. Charged Attack Consumes a certain amount of Stamina to unleash 2 rapid sword strikes. Plunging Attack Plunges from mid-air to strike the ground below, damaging opponents along the path and dealing AoE DMG upon impact.","Creates a Grass Ring of Sanctification at the cost of part of her HP, dealing Electro DMG to nearby opponents. Grass Ring of Sanctification Follows your current active character around. Deals Electro DMG to nearby opponents every 1.5s and restores HP for active character(s) within the ring's AoE based on Kuki Shinobu's Max HP. The HP consumption from using this skill can only bring her to 20% HP.","Stabs an evil-excoriating blade into the ground, creating a field that cleanses the area of all that is foul, dealing continuous Electro DMG to opponents within its AoE based on Shinobu's Max HP. If Shinobu's HP is less than or equal to 50% when this skill is used, the field will last longer."
26,Lisa,"The languid but knowledgeable Librarian of the Knights of Favonius who was deemed by Sumeru Academia to be their most distinguished graduate in the past two centuries.",Electro,Catalyst,Mondstadt,4,"Normal Attack Perform up to 4 lightning attacks that deal Electro DMG. Charged Attack Consumes a certain amount of Stamina to deal AoE Electro DMG after a short casting time. Plunging Attack Gathering the might of Electro, Lisa plunges towards the ground from mid-air, damaging all enemies in her path. Deals AoE Electro DMG upon impact with the ground.","Channels the power of lightning to sweep bothersome matters away. Press Releases a homing Lightning Orb. On hit, it deals Electro DMG, and applies a stack of Conductive status (Max 3 stacks) to enemies in a small AoE. Hold After an extended casting time, calls down lightning from the heavens, dealing massive Electro DMG to all nearby enemies.  Deals great amounts of extra damage to enemies based on the number of Conductive stacks applied to them, and clears their Conductive status.","Summons a Lightning Rose that unleashes powerful lightning bolts, launching surrounding enemies and dealing Electro DMG.  The Lightning Rose will continuously emit lightning to knock back enemies and deal Electro DMG for so long as it persists."
27,Mona,"A mysterious young astrologer who proclaims herself to be 'Astrologist Mona Megistus,' and who possesses abilities to match the title. Erudite, but prideful.",Hydro,Catalyst,Mondstadt,5,"Normal Attack Performs up to 4 water splash attacks that deal Hydro DMG. Charged Attack Consumes a certain amount of Stamina and deals AoE Hydro DMG after a short casting time. Plunging Attack Gathering the might of Hydro, Mona plunges towards the ground from mid-air, damaging all enemies in her path. Deals AoE Hydro DMG upon impact with the ground.","Creates an illusory Phantom of fate from coalesced waterspouts.  The Phantom has the following special properties:  Continuously taunts nearby enemies, attracting their fire. Continuously deals Hydro DMG to nearby enemies. When its duration expires, the Phantom explodes, dealing AoE Hydro DMG.  Hold Utilizes water currents to move backwards swiftly before conjuring a Phantom.  Only one Phantom created by Mirror Reflection of Doom can exist at any time. ","Mona summons the sparkling waves and creates a reflection of the starry sky, applying the Illusory Bubble status to opponents in a large AoE. Illusory Bubble Traps opponents inside a pocket of destiny and also makes them Wet. Renders weaker opponents immobile. When an opponent affected by Illusory Bubble sustains DMG, the following effects are produced:  Applies an Omen to the opponent, which gives a DMG Bonus, also increasing the DMG of the attack that causes it. Removes the Illusory Bubble, dealing Hydro Elemental DMG in the process. The DMG Bonus does not apply to the Hydro Elemental DMG dealt in this instance.  Omen During its duration, increases DMG taken by enemies."
28,Ningguang,"The Tianquan of Liyue Qixing. Her wealth is unsurpassed in all of Teyvat.",Geo,Catalyst,Liyue,4,"Normal Attack Shoots gems that deal Geo DMG.  Upon hit, this grants Ningguang 1 Star Jade. Charged Attack Consumes a certain amount of Stamina to fire off a giant gem that deals Geo DMG.  If Ningguang has any Star Jades, unleashing a Charged Attack will cause the Star Jades to be fired at the enemy as well, dealing additional DMG. Plunging Attack Gathering the might of Geo, Ningguang plunges towards the ground from mid-air, damaging all enemies in her path. Deals AoE Geo DMG upon impact with the ground.","Ningguang creates a Jade Screen out of gold, obsidian and her great opulence, dealing AoE Geo DMG. Jade Screen  Blocks enemy projectiles. Endurance scales based on Ningguang's Max HP.  Jade Screen is considered a Geo Construct and can be used to block certain attacks, but cannot be climbed. Only one Jade Screen may exist at any one time.","Gathering a great number of gems, Ningguang scatters them all at once, sending homing projectiles at her enemies that deal massive Geo DMG.  If Starshatter is cast when a Jade Screen is nearby, the Jade Screen will fire additional gem projectiles at the same time."
29,Noelle,"A maid who faithfully serves the Knights of Favonius that dreams of joining their ranks someday.",Geo,Claymore,Mondstadt,4,"Normal Attack Performs up to 4 consecutive strikes. Charged Attack Drains Stamina over time to perform continuous swirling attacks against all nearby enemies.  At end of the sequence, perform a more powerful slash. Plunging Attack Plunges from mid-air to strike the ground below, damaging enemies along the path and dealing AoE DMG upon impact.","Summons a protective stone armor, dealing Geo DMG to surrounding enemies and creating a shield. The shield's DMG Absorption scaled based on Noelle's DEF.  The shield has the following properties:  When Noelle's Normal and Charged Attacks hit a target, they have a certain chance to regenerate HP for all characters, both on and off the field. Applies the Geo element to the character. Possesses 250% Absorption Efficiency against Geo DMG.  The amount of HP healed when regeneration is triggered scales based on Noelle's DEF.","Gathering the strength of stone around her weapon, Noelle strikes the enemies surrounding her within a large AoE, dealing Geo DMG.  Afterwards, Noelle gains the following effects:  Larger attack AoE. Converts attack DMG to Geo DMG. Increased ATK that scales based on her DEF. "
30,Qiqi,"An apprentice and herb gatherer at Bubu Pharmacy. An undead with a bone-white complexion, she seldom has much in the way of words or emotion.",Cryo,Sword,Liyue,5,"Normal Attack Performs up to 5 rapid strikes. Charged Attack Consumes a certain amount of Stamina to unleash 2 rapid sword strikes. Plunging Attack Plunges from mid-air to strike the ground below, damaging enemies along the path and dealing AoE DMG upon impact.","Using the Icevein Talisman, Qiqi brings forth the Herald of Frost, dealing Cryo DMG to nearby enemies. Herald of Frost  When Qiqi hits a target with her Normal or Charged Attacks, she regenerates HP for all party members and all nearby allied characters. Healing scales based on Qiqi's ATK. Regenerates HP for current character at regular intervals. Follows the character around, dealing Cryo DMG to enemies in its path. ","Qiqi releases the adeptus power sealed within her body, marking nearby enemies with a Fortune-Preserving Talisman that deals Cryo DMG. Fortune-Preserving Talisman When enemies affected by this Talisman take DMG, the character that dealt this DMG regenerates HP."
31,Raiden Shogun,"Her Excellency, the Almighty, Narukami Ogosho, who promised the people of Inazuma an unchanging Eternity.",Electro,Polearm,Inazuma,5,"Normal Attack Performs up to 5 consecutive spear strikes. Charged Attack Consumes a certain amount of Stamina to perform an upward slash. Plunging Attack Plunges from mid-air to strike the ground below, damaging opponents along the path and dealing AoE DMG upon impact.","The Raiden Shogun unveils a shard of her Euthymia, dealing Electro DMG to nearby opponents, and granting nearby party members the Eye of Stormy Judgment.  Eye of Stormy Judgment When characters with this buff attack and deal DMG to opponents, the Eye will unleash a coordinated attack, dealing AoE Electro DMG at the opponent's position. Characters who gain the Eye of Stormy Judgment will have their Elemental Burst DMG increased based on the Energy Cost of the Elemental Burst during the Eye's duration. The Eye can initiate one coordinated attack every 0.9s per party.Coordinated attacks generated by characters not controlled by you deal 20% of the normal DMG.","Gathering truths unnumbered and wishes uncounted, the Raiden Shogun unleashes the Musou no Hitotachi and deals AoE Electro DMG, using Musou Isshin in combat for a certain duration afterward. The DMG dealt by Musou no Hitotachi and Musou Isshin's attacks will be increased based on the number of Chakra Desiderata's Resolve stacks consumed when this skill is used.  Musou Isshin While in this state, the Raiden Shogun will wield her tachi in battle, while her Normal, Charged, and Plunging Attacks will be infused with Electro DMG, which cannot be overridden. When such attacks hit opponents, she will regenerate Energy for all nearby party members. Energy can be restored this way once every 1s, and this effect can be triggered 5 times throughout this skill's duration. While in this state, the Raiden Shogun's resistance to interruption is increased, and she is immune to Electro-Charged reaction DMG. While Musou Isshin is active, the Raiden Shogun's Normal, Charged, and Plunging Attack DMG will be considered Elemental Burst DMG. The effects of Musou Isshin will be cleared when the Raiden Shogun leaves the field.  Chakra Desiderata When nearby party members (excluding the Raiden Shogun herself) use their Elemental Bursts, the Raiden Shogun will build up Resolve stacks based on the Energy Cost of these Elemental Bursts. The maximum number of Resolve stacks is 60. The Resolve gained by Chakra Desiderata will be cleared 300s after the Raiden Shogun leaves the field."
32,Razor,"A boy who lives among the wolves in Wolvendom of Mondstadt, away from human civilization. As agile as lightning.",Electro,Claymore,Mondstadt,4,"Normal Attack Performs up to 4 consecutive strikes. Charged Attack Drains Stamina over time to perform continuous swirling attacks against all nearby enemies.  At end of the sequence, perform a more powerful slash. Plunging Attack Plunges from mid-air to strike the ground below, damaging enemies along the path and dealing AoE DMG upon impact.","Hunts his prey using the techniques taught to him by his master and his Lupical. Press Swings the Thunder Wolf Claw, dealing Electro DMG to enemies in front of Razor.  Upon striking an enemy, Razor will gain an Electro Sigil, which increases his Energy Recharge rate.  Razor can have up to 3 Electro Sigils simultaneously, and gaining a new Electro Sigil refreshes their duration. Hold Gathers Electro energy to unleash a lightning storm over a small AoE, causing massive Electro DMG, and clears all of Razor's Electro Sigils.  Each Electro Sigil cleared in this manner will be converted into Energy for Razor.","Summons the Wolf Within which deals Electro DMG to all nearby opponents. This clears all of Razor's Electro Sigils, which will be converted into elemental energy for him.  The Wolf Within will fight alongside Razor for the skill's duration. The Wolf Within  Strikes alongside Razor's normal attacks, dealing Electro DMG. Raises Razor's ATK SPD and Electro RES. Causes Razor to be immune to DMG inflicted by the Electro-Charged status. Disables Razor's Charged Attacks.  The effects end when Razor leaves the battlefield.  When Razor leaves the field, a maximum of 10 Energy will be returned to him based off the duration remaining on this skill."
33,Rosaria,"A sister of the church, though you wouldn't know it if it weren't for her attire. Known for her sharp, cold words and manner, she often works alone.",Cryo,Polearm,Mondstadt,4,"Normal Attack Performs up to five rapid strikes. Charged Attack Consumes a certain amount of Stamina to lunge forward, dealing damage to enemies along the way. Plunging Attack Plunges from mid-air to strike the ground below, damaging opponents along the path and dealing AoE DMG upon impact.","Rosaria swiftly positions herself behind her opponent, then pierces and slashes the enemy with her polearm, dealing Cryo DMG. Rosaria cannot use this ability to move behind larger opponents.","Rosaria's unique take on this prayer ritual. First, she swings her weapon to slash surrounding enemies; then, she summons a frigid Ice Lance that strikes the ground. Both actions deal Cryo DMG. While active, the Ice Lance periodically releases a blast of cold air, dealing Cryo DMG to surrounding enemies."
34,Kujou Sara,"A general of the Tenryou Commission. Bold, decisive, and skilled in battle.",Electro,Bow,Inazuma,4,"Normal Attack Perform up to 5 consecutive shots with a bow. Charged Attack  Perform a more precise Aimed Shot with increased DMG. While aiming, crackling lightning will accumulate on the arrowhead. An arrow fully charged with the storm's might will deal Electro DMG. When in the Crowfeather Cover state, a fully-charged arrow will leave a Crowfeather behind after it hits. Plunging Attack Fires off a shower of arrows in mid-air before falling and striking the ground, dealing AoE DMG upon impact.","Retreats rapidly with the speed of a tengu, summoning the protection of the Crowfeather. Gains Crowfeather Cover for 18s, and when Kujou Sara fires a fully-charged Aimed Shot, Crowfeather Cover will be consumed, and will leave a Crowfeather at the target location. Crowfeathers will trigger Tengu Juurai: Ambush after a short time, dealing Electro DMG and granting the active character within its AoE an ATK Bonus based on Kujou Sara's Base ATK. The ATK Bonuses from different Tengu Juurai will not stack, and their effects and duration will be determined by the last Tengu Juurai to take effect.","Casts down Tengu Juurai: Titanbreaker, dealing AoE Electro DMG. Afterwards, Tengu Juurai: Titanbreaker spreads out into 4 consecutive bouts of Tengu Juurai: Stormcluster, dealing AoE Electro DMG. Tengu Juurai: Titanbreaker and Tengu Juurai: Stormcluster can provide the active character within their AoE with the same ATK Bonus as given by the Elemental Skill, Tengu Stormcall. The ATK Bonus provided by various kinds of Tengu Juurai will not stack, and their effects and duration will be determined by the last Tengu Juurai to take effect."
35,Sayu,"A pint-sized ninja attached to the Shuumatsuban, who always seems to be lacking sleep.",Anemo,Claymore,Inazuma,4,"Normal Attack: Performs up to 4 consecutive strikes. Charged Attack: rains Stamina over time to perform continuous spinning attacks against all nearby opponents. At the end of the sequence, perform a more powerful slash. Plunging Attack: Plunges from mid-air to strike the ground below, damaging opponents along the path and dealing AoE DMG upon impact.","The special technique of the Yoohoo Ninja Arts! Sayu curls up into a rolling Fuufuu Windwheel and smashes into opponents at high speed, dealing Anemo DMG. When the duration ends, she unleashes a Fuufuu Whirlwind Kick, dealing AoE Anemo DMG. Press: Enters the Fuufuu Windwheel state, rolling forward a short distance before using the Fuufuu Whirlwind Kick. Hold: Rolls about continuously in the Fuufuu Windwheel state, increasing Sayu's resistance to interruption while within that state. During this time, Sayu can control the direction of her roll, and can use the skill again to end her Windwheel state early and unleash a stronger version of the Fuufuu Whirlwind Kick. The Hold version of this skill can trigger Elemental Absorption. This skill has a maximum duration of 10s and enters CD once its effects end. The longer Sayu remains in her Windwheel state, the longer the CD. Elemental Absorption: If Sayu comes into contact with Hydro, Pyro, Cryo and Electro while in her Windwheel state, she will deal additional elemental DMG of that type. Elemental Absorption may only occur once per use of this skill.","The other super special technique of the Yoohoo Ninja Arts!  It summons a pair of helping hands for Sayu. Deals Anemo DMG to nearby opponents and heals all nearby party members. The amount of HP restored is based on Sayu's ATK. This skill then summons a Muji-Muji Daruma.  Muji-Muji Daruma: At specific intervals, the Daruma will take one of several actions based on the situation around it: If the HP of nearby characters is above 70%, it will attack a nearby opponent, dealing Anemo DMG. If there are active characters with 70% or less HP nearby, it will heal the active character with the lowest percentage HP left.  If there are no opponents nearby, it will heal active characters nearby even if they have 70% HP or more."
36,Shenhe,"An adepti disciple with a most unusual air about her. Having spent much time cultivating in isolation in Liyue's mountains, she has become every bit as cool and distant as the adepti themselves.",Cryo,Polearm,Liyue,5,"Normal Attack Performs up to five consecutive spear strikes. Charged Attack Consumes a certain amount of Stamina to lunge forward, dealing damage to opponents along the way. Plunging Attack Plunges from mid-air to strike the ground below, damaging opponents along the path and dealing AoE DMG upon impact.","The frosted dew, silvery and dense, shall exorcise all demons. Grants all nearby party members the Icy Quill effect and deals Cryo DMG in different ways based on whether it is {LAYOUT_MOBILE#tapped}{LAYOUT_PC#pressed}{LAYOUT_PS#pressed} or held. Press Rushes forward together with a Talisman Spirit, dealing Cryo DMG to opponents along the path. Hold Commands the Talisman Spirit to deal AoE Cryo DMG. Icy Quill When Normal, Charged, and Plunging Attacks, Elemental Skills, and Elemental Bursts deal Cryo DMG to opponents, the DMG dealt is increased based on Shenhe's current ATK. The Icy Quill's effects will be cleared once its duration ends or after being triggered a certain number of times. When held rather than {LAYOUT_MOBILE#tapped}{LAYOUT_PC#pressed}{LAYOUT_PS#pressed}, the Icy Quill's effect lasts longer and can be triggered more times. When one Cryo DMG instance strikes multiple opponents, the effect is triggered multiple times based on the number of opponents hit. The number of times the effect is triggered is calculated independently for each party member with the Icy Quill.","Unleashes the power of the Talisman Spirit, allowing it to roam free in this plane, dealing AoE Cryo DMG. The Talisman Spirit then creates a field that decreases the Cryo RES and Physical RES of opponents within it. It also deals periodic Cryo DMG to opponents within the field."
37,Shikanoin Heizou,"A young prodigy detective from the Tenryou Commission. His senses are sharp and his thoughts are clear.",Anemo,Catalyst,Inazuma,4,"Normal Attack Performs up to 5 fisticuffs empowered by a mighty wind, dealing Anemo DMG. Charged Attack Consumes a certain amount of Stamina and performs a sweeping kick that deals Anemo DMG. Plunging Attack Calling upon the surging wind, Heizou plunges towards the ground from mid-air, damaging all opponents in his path. Deals AoE Anemo DMG upon impact with the ground.","Press Wields the swift winds to launch a Heartstopper Strike that deals Anemo DMG. Hold Charges energy to unleash an even stronger blow. He will obtain the Declension effect while charging, which will increase the power of the Heartstopper Strike. When the skill button is released or the skill finishes charging, he will strike forward, dealing Anemo DMG. Declension Increases the power of the next Heartstopper Strike. Max 4 stacks. When you possess 4 Declension stacks, the Conviction effect will be produced, which will cause the next Hearstopper Strike to be even stronger and have a larger AoE.","Leaps into the air and uses the Fudou Style Vacuum Slugger and kicks his opponent. The Vacuum Slugger will explode upon hit and create an Arresting Windtunnel that pulls in nearby objects and opponents, dealing AoE Anemo DMG. When Vacuum Slugger hits opponents affected by Hydro/Pyro/Cryo/Electro, these opponents will be afflicted with Windmuster Iris. This Windmuster Iris will explode after a moment and dissipate, dealing AoE DMG of the corresponding aforementioned elemental type. Vacuum Slugger can afflict a maximum of 4 opponents with the Windmuster Iris. A single opponent cannot be under the effect of Windmuster Irises of different elements at the same time."
38,Sucrose,"An alchemist filled with curiosity about all things. She researches bio-alchemy.",Anemo,Catalyst,Mondstadt,4,"Normal Attack Performs up to 4 attacks using Wind Spirits, dealing Anemo DMG. Charged Attack Consumes a certain amount of Stamina and deals AoE Anemo DMG after a short casting time. Plunging Attack Calling upon the power of her Wind Spirits, Sucrose plunges towards the ground from mid-air, damaging all enemies in her path. Deals AoE Anemo DMG upon impact with the ground.","Creates a small Wind Spirit that deals Anemo DMG to enemies in an AoE, pulling them towards the location of the Wind Spirit before launching them.","Sucrose hurls an unstable concoction that creates a Large Wind Spirit. While it persists, the Large Wind Spirit will continuously pull and launch nearby enemies, dealing AoE Anemo DMG. Elemental Absorption If the Wind Spirit comes into contact with Hydro / Pyro / Cryo / Electro elements, it will deal additional DMG of that type.  Elemental Absorption may only occur once per use."
39,Tartaglia,"No. 11 of The Harbingers, also known as 'Childe'. His name is highly feared on the battlefield.",Hydro,Bow,Snezhnaya,5,"Normal Attack Performs up to 6 consecutive shots with a bow. Charged Attack Perform a more precise Aimed Shot with increased DMG.  While aiming, the power of Hydro will accumulate on the arrowhead. An arrow fully charged with the torrent will deal Hydro DMG and apply Riptide status.. Riptide Opponents affected by Riptide will suffer from AoE Hydro DMG effects when attacked by Tartaglia in various ways. DMG dealt in this way is considered Normal Attack DMG.  Riptide Flash: A fully-charged Aimed Shot that hits an opponent affected by Riptide deals consecutive bouts of AoE DMG. Can occur once every 0.7s. Riptide Burst: Defeating an opponent affected by Riptide created a Hydro burst that inflicts the Riptide status on nearby opponents hit.  Plunging Attack Fires off a shower of arrows in mid-air before falling and striking the ground, dealing AoE DMG upon impact. When Tartaglia is in Foul Legacy: Raging Tide's Melee Stance, he cannot perform a plunging attack.","Unleashes a set of weaponry made of pure water, dealing Hydro DMG to surrounding opponents and entering a Melee Stance. In this Stance, Tartaglia's Normal and Charged Attacks change as follows: Normal Attack Performs up to 6 consecutive Hydro strikes. Charged Attack Consumes a certain amount of Stamina to unleash a cross slash, dealing Hydro DMG. Riptide Slash Hitting an opponent affected by Riptide with a melee attack unleashes a Riptide Slash that deals AoE Hydro DMG. DMG dealt in this way is considered Elemental Skill DMG, and can only occur once every 1.5s. After 30s, or when the ability is unleashed again, this skill will end. Tartaglia will return to his Ranged Stance and this ability will enter CD. The longer Tartaglia stays in his Melee Stance, the longer the CD. If the return to a ranged stance occurs automatically after 30s, the CD is even longer.","Performs different attacks based on what stance Tartaglia is in when casting. Ranged Stance: Flash of Havoc Swiftly fires a Hydro-imbued magic arrow, dealing AoE Hydro DMG and applying the Riptide status. Returns a portion of its Energy Cost after use. Melee Stance: Light Obliteration Performs a slash with a large AoE, dealing massive Hydro DMG to all surrounding opponents, which triggers Riptide Blast. Riptide Blast When the obliterating waters hit an opponent affected by Riptide, it clears their Riptide status and triggers a Hydro Explosion that deals AoE Hydro DMG. DMG dealt in this way is considered Elemental Burst DMG."
40,Thoma,"The housekeeper of the Yashiro Commission's Kamisato Clan, and a well-known 'fixer' in Inazuma.\nFriendly and approachable, Thoma fits in with the crowd easily wherever he is.\nAt first glance, he seems to be a very easygoing person, but he is in fact very responsible. He has an extraordinarily serious side, be it in his work or his interpersonal communications.",Pyro,Polearm,Mondstadt,4,"Normal Attack Performs up to four consecutive spear strikes. Charged Attack Consumes a certain amount of Stamina to lunge forward, dealing damage to opponents along the way. Plunging Attack Plunges from mid-air to strike the ground below, damaging opponents along the path and dealing AoE DMG upon impact.","Thoma vaults forward with his polearm and delivers a flame-filled flying kick that deals AoE Pyro DMG, while also summoning a defensive Blazing Barrier. At the moment of casting, Thoma's Elemental Skill applies Pyro to himself. The DMG Absorption of the Blazing Barrier scales off Thoma's Max HP. The Blazing Barrier has the following traits: - Absorbs Pyro DMG 250% more effectively. - When a new Blazing Barrier is obtained, the remaining DMG Absorption of an existing Blazing Barrier will stack and its duration will be refreshed. The maximum DMG Absoprtion of the Blazing Barrier will not exceed a certain percentage of Thoma's Max HP.","Thoma spins his polearm, slicing at his foes with roaring flames that deal AoE Pyro DMG and weave themselves into a Scorching Ooyoroi. Scorching Ooyoroi While Scorching Ooyoroi is in effect, the active character's Normal Attacks will trigger Fiery Collapse, dealing AoE Pyro DMG and summoning a Blazing Barrier. Fiery Collapse can be triggered once every 1s. Except for the amount of DMG they can absorb, the Blazing Barriers created in this way are identical to those created by Thoma's Elemental Skill, Blazing Blessing: - Absorbs Pyro DMG 250% more effectively. - When a new Blazing Barrier is obtained, the remaining DMG Absorption of an existing Blazing Barrier will stack and its duration will be refreshed. The maximum DMG Absorption of the Blazing Barrier will not exceed a certain percentage of Thoma's Max HP. If Thoma falls, the effects of Scorching Ooyoroi will be cleared."
41,Tighnari,"'A message for you. I brought back a specialty from the desert, two packs of honeyed dates, which helps to replenish your energy, whether in the morning or at night. Thank you for your patience in teaching and taking care of Collei. Good luck with your work and best wishes for Collei's studies.'\n—An anonymously written message left inside a candy box, placed on the watcher's table.",Dendro,Bow,Sumeru,5,"Normal Attack Perform up to 4 consecutive shots with a bow. Charged Attack Perform a more precise Aimed Shot with increased DMG. While aiming, the power of Dendro will accumulate on the arrowhead before the arrow is fired. Has different effects based on how long the energy has been charged: Charge Level 1: Fires off an arrow carrying the power of flora that deals Dendro DMG. Charge Level 2: Fires off a Wreath Arrow that deals Dendro DMG. Upon hit, the Wreath Arrow will create 4 Clusterbloom Arrows that will track nearby opponents automatically and deal Dendro DMG.","Tighnari throws a Vijnana Stormheart ahead that deals AoE Dendro DMG, creating a Vijnana-Khanda Field that creates mysterious illusions that taunt opponents and draw their fir Additionally, Tighnari gains the Vijnana Suffusion effect, which will decrease the Wreath Arrow's charging time by 2.4s. This effect will dissipate once the skill duration ends or after Tighnari has fired 3 Wreath Arrows. 'If sees whither apart from the soil, they will remain a single seed. But if returned to the soil, they shall multiply ten-million fold.'","Combines the power of all seeds to fire 6 Tanglevine Shafts that can track opponents and deal Dendro DMG. After they hit, the Tanglevine Shafts will create a secondary wave of Tanglevine Shafts that can also track opponents and deal Dendro DMG on hit. 'Do not seek to escape so easily. The vines grow and regrow ever on. Things might get dicey if you don't clear every last one of them out.'"
42,Traveler,"A traveler from another world who had their only kin taken away, forcing them to embark on a journey to find The Seven.",Anemo,Sword,Outlander,5,"Normal Attack Performs up to 5 rapid strikes. Charged Attack Consumes a certain amount of Stamina to unleash 2 rapid sword strikes. Plunging Attack Plunges from mid-air to strike the ground below, damaging opponents along the path and dealing AoE DMG upon impact.","Grasping the wind's might, you form a vortex of vacuum in your palm, causing Anemo DMG 6 times in 1.5 seconds to opponents in front of you. The vacuum vortex explodes when the skill duration ends, causing a greater amount of Anemo DMG over a larger area. Hold DMG and AoE will gradually increase. Elemental Absorption If the vortex comes into contact with Hydro/Pyro/Cryo/Electro elements, it will deal 23% additional elemental DMG of that type. Elemental Absorption may only occur once per use. Generate 2 elemental particles when press and 3.5 when hold, if it hit at least 1 target.","Guiding the path of the wind currents, you summon a forward-moving tornado that pulls objects and opponents towards itself, dealing Anemo DMG each 0.5 seconds, 9 times. Elemental Absorption If the vortex comes into contact with Hydro/Pyro/Cryo/Electro elements, it will deal 30.7% additional elemental DMG of that type. Elemental Absorption may only occur once per use."
43,Traveler,"A traveler from another world who had their only kin taken away, forcing them to embark on a journey to find The Seven.",Dendro,Sword,Outlander,4,"Normal Attack Performs up to 5 rapid strikes. Charged Attack Consumes a certain amount of Stamina to unleash 2 rapid sword strikes. Plunging Attack Plunges from mid-air to strike the ground below, damaging opponents along the path and dealing AoE DMG upon impact.","With a flourish of your blade, you unleash a spray of razor-sharp leaves that go before you and deal Dendro DMG.","Calling upon the might of the flora all around you, you create a Lea Lotus Lamp. This Lamp will deal continuous Dendro DMG to opponents within its AoE. Lotuslight Transfiguration The Lea Lotus Lamp will undergo the following changes after it comes into contact with Hydro/Electro/Pyro: Hydro: the Lamp's AoE and the AoE of its atacks are increased. Electro: the Lamp's ATK SPD is increased. Pyro: the Lamp will explode after a short delay and then disappear, dealing AoE Dendro DMG.   The Lea Lotus Lamp can only undergo one Lotuslight Transfiguration in its duration.  Only one Lamp created by the Traveler can exist at any one time."
44,Traveler,"A traveler from another world who had their only kin taken away, forcing them to embark on a journey to find The Seven.",Electro,Sword,Outlander,5,"Normal Attack Performs up to 5 rapid strikes. Charged Attack Consumes a certain amount of Stamina to unleash 2 rapid sword strikes. Plunging Attack Plunges from mid-air to strike the ground below, damaging opponents along the path and dealing AoE DMG upon impact.","Unleashes three swift thunder shadows that deal Electro DMG to opponents and leave an Abundance Amulet behind after hitting an opponent. 2 Abundance Amulets can be created initially. Using this skill will reset any Abundance Amulets that were generated.  Abundance Amulets When a character is near an Abundance Amulet, they will absorb it and obtain the following effects: Restores Elemental Energy Increases Energy Recharge during the Abundance Amulet's duration.","You call upon the protection of lightning, knocking nearby opponents back and dealing Electro DMG to them. Lightning Shroud When your active character's Normal or Charged Attacks hit opponents, they will call Falling Thunder forth, dealing Electro DMG. When Falling Thunder hits opponents, it will regenerate Energy for that character. One instance of Falling Thunder can be generated every 0.5s."
45,Traveler,"A traveler from another world who had their only kin taken away, forcing them to embark on a journey to find The Seven.",Geo,Sword,Outlander,5,"Normal Attack Performs up to 5 rapid strikes. Charged Attack Consumes a certain amount of Stamina to unleash 2 rapid sword strikes. Plunging Attack Plunges from mid-air to strike the ground below, damaging opponents along the path and dealing AoE DMG upon impact.","You disgorge a meteorite from the depths of the earth, dealing AoE Geo DMG. The meteorite is considered a Geo Construct, and can be climbed or used to block attacks. Hold: This skill's positioning may be adjusted.","Energizing the Geo elements deep underground, you set off expanding shockwaves. Launches surrounding opponents back and deals AoE Geo DMG. A stone wall is erected at the edges of the shockwave. The stone wall is considered a Geo Construct, and may be used to block attacks."
46,Venti,"One of the many bards of Mondstadt, who freely wanders the city's streets and alleys.",Anemo,Bow,Mondstadt,5,"Normal Attack Performs up to 6 consecutive shots with a bow. Charged Attack Perform a more precise Aimed Shot with increased DMG.  While aiming, favorable winds will accumulate on the arrowhead. A fully charged arrow will deal Anemo DMG. Plunging Attack Fires off a shower of arrows in mid-air before falling and striking the ground, dealing AoE DMG upon impact.","O wind upon which all hymns and songs fly, bear these earth-walkers up into the sky! Press Summons a Wind Domain at the enemy's location, dealing AoE Anemo DMG and launching enemies into the air. Hold Summons an even larger Wind Domain with Venti as the epicenter, dealing AoE Anemo DMG and launching affected enemies into the air.  After unleashing the Hold version of this ability, Venti rides the wind into the air. Enemies hit by Skyward Sonnet will fall to the ground slowly.","Fires off an arrow made of countless coalesced winds, creating a huge Stormeye that sucks in objects and enemies along its path, dealing continuous Anemo DMG. Elemental Absorption If the Stormeye comes into contact with Hydro/Pyro/Cryo/Electro elements, it will deal additional elemental DMG of that type.  Elemental Absorption may only occur once per use."
47,Xiangling,"A renowned chef from Liyue. She's extremely passionate about cooking and excels at making her signature hot and spicy dishes.",Pyro,Polearm,Liyue,4,"Normal Attack Performs up to 5 consecutive spear strikes. Charged Attack Consumes a certain amount of Stamina to lunge forward, dealing damage to enemies along the way. Plunging Attack Plunges from mid-air to strike the ground below, damaging enemies along the path and dealing AoE DMG upon impact.","Summons Guoba the Panda. Guoba continuously breathes fire, dealing AoE Pyro DMG.","Displaying her mastery over both fire and polearms, Xiangling sends a Pyronado whirling around her.  The Pyronado will move with your character for so long as the ability persists, dealing Pyro DMG to all enemies in its path."
48,Xiao,"A yaksha adeptus that defends Liyue. Also heralded as the 'Conqueror of Demons' and 'Vigilant Yaksha.'",Anemo,Polearm,Liyue,5,"Normal Attack Perform up to 6 rapid strikes. Charged Attack Dive down and impact the ground, causing damage relative to the falling height. Can only be triggered in mid-air.","He lunges forward, dealing Anemo DMG to enemies along the path. Can be used in mid-air. Has 2 charges to begin with.","Takes on the form of the yaksha that terrified both demons and archons alike millennia ago. For its duration, increases Xiao's attack range and DMG, while converting damage type to Anemo and enhancing Xiao's jumping ability. Maintaining this form continuously drains Xiao's HP."
49,Xingqiu,"A young man carrying a longsword who is frequently seen at book booths. He has a chivalrous heart and yearns for justice and fairness for all.",Hydro,Sword,Liyue,4,"Normal Attack Performs up to 5 rapid strikes. Charged Attack Consumes a certain amount of Stamina to unleash 2 rapid sword strikes. Plunging Attack Plunges from mid-aur to strike the ground below, damaging enemies along the path and dealing AoE DMG upon impact.","Xingqiu performs twin strikes with his sword, dealing Hydro DMG. At the same time, this ability creates the maximum number of Rain Swords, which will orbit the character.  The Rain Swords have the following properties:  When a character takes DMG, the Rain Sword will shatter, reducing the amount of DMG taken. Increases the character's resistance to interruption.  20% of Xingqiu's Hydro DMG Bonus will be converted to additional DMG Reduction for the Rain Swords. The maximum amount of additional DMG Reduction that can be gained this way is 24%.  The initial maximum number of Rain Swords is 3.  Using this ability applies the Wet status onto the character.","Initiate Rainbow Bladework and fight using an illusory sword rain, while creating the maximum number of Rain Swords. Rainbow Bladework  Normal Attacks will trigger consecutive sword rain attacks, dealing Hydro DMG. Rain Swords will remain at the maximum number throughout the ability's duration.  These effects carry over to other characters."
50,Xinyan,"Liyue's sole rock 'n' roll musician. She rebels against ossified prejudices using her music and passionate singing.",Pyro,Claymore,Liyue,4,"Normal Attack Performs up to 4 consecutive strikes. Charged Attack Drains Stamina over time to perform continuous spinning attacks against all nearby enemies.  At the end of the sequence, perform a more powerful slash. Plunging Attack Plunges from mid-air to strike the ground, damaging enemies along the path and dealing AoE DMG upon impact.","Xinyan brandishes her instrument, dealing Pyro DMG on nearby enemies, forming a shield made out of her audience's passion. The shield's DMG Absorption scales based on Xinyan's DEF and on the number of enemies hit.  Hitting 0-1 enemies grants Shield Level 1: Ad Lib. Hitting 2 enemies grants Shield Level 2: Lead-In. Hitting 3 or more enemies grants Shield Level 3: Rave, which will also deal intermittent Pyro DMG to nearby enemies.  The shield has the following special properties:  When unleashed, it infuses Xinyan with Pyro. It has 250% DMG Absorption effectiveness against Pyro DMG. ","Strumming rapidly, Xinyan launches nearby enemies and deals Physical DMG to them, hyping up the crowd. The sheer intensity of the atmosphere will cause explosions that deal Pyro DMG to nearby enemies."
51,Yae Miko,"Lady Guuji of the Grand Narukami Shrine. Also serves as the editor-in-chief of Yae Publishing House. Unimaginable intelligence and cunning are hidden under her beautiful appearance.",Electro,Catalyst,Inazuma,5,"Normal Attack Summons forth kitsune spirits, initiating a maximum of 3 attacks that deal Electro DMG Charged Attack Consumes a certain amount of Stamina to deal AoE Electro DMG after a short casting time. Plunging Attack Plunges towards the ground from mid-air, damaging all opponents in her path with thunderous might. Deals AoE Electro DMG upon impact with the ground.","To Yae, such dull tasks as can be accomplished by driving spirits out need not be done personally. Moves swiftly, leaving a Sesshou Sakura behind. Sesshou Sakura Has the following properties: Periodically strikes one nearby opponent with lightning, dealing Electro DMG. When there are other Sesshou Sakura nearby, their level will increase, boosting the DMG dealt by these lightning strikes. This skill has three charges.  A maximum of 3 Sesshou Sakura can exist simultaneously. The initial level of each Sesshou Sakura is 1, and the initial highest level each sakura can reach is 3. If a new Sesshou Sakura is created too close to an existing one, the existing one will be destroyed.","Legends of 'kitsunetsuki,' or the manifestation of a kitsune's might, are common in Inazuma's folktales. One that particularly captures the imagination is that of the Sky Kitsune, said to cause lightning to fall down upon the foes of the Grand Narukami Shrine. Summons a lightning strike, dealing AoE Electro DMG.  When she uses this skill, Yae Miko will unseal nearby Sesshou Sakura, destroying their outer forms and transforming them into Tenko Thunderbolts that descend from the skies, dealing AoE Electro DMG. Each Sesshou Sakura destroyed in this way will create one Tenko Thunderbolt."
52,Yanfei,"A well-known legal adviser active in Liyue Harbor. A brilliant young lady in whose veins runs the blood of an illuminated beast.",Pyro,Catalyst,Liyue,4,"Normal Attack Shoots fireballs that deal up to three counts of Pyro DMG. When Yanfei's Normal Attacks hit enemies, they will grant her a single Scarlet Seal. Yanfei may possess a maximum of 3 Scarlet Seals, and each time this effect is triggered, the duration of currently possessed Scarlet Seals will refresh. Each Scarlet Seal will decrease Yanfei's Stamina consumption and will disappear when she leaves the field. Charged Attack Consumes Stamina and all Scarlet Seals before dealing AoE Pyro DMG to the opponents after a short casting time. This Charged Attack's AoE and DMG will increase according to the amount of Scarlet Seals consumed. Plunging Attack Gathering the power of Pyro, Yanfei plunges towards the ground from mid-air, damaging all opponents in her path. Deals AoE Pyro DMG upon impact with the ground.","Summons blistering flames that deal AoE Pyro DMG. If this attack hits an enemy, Yanfei is granted the maximum number of Scarlet Seals.","Triggers a spray of intense flames that rush at nearby opponents, dealing AoE Pyro DMG, granting Yanfei the maximum number of Scarlet Seals, and applying Brilliance to her. Brilliance Perodically grants Yanfei a Scarlet Seal. Increases the DMG of her Charged Attacks. The Brilliance effect stops when Yanfei leaves the field or dies."
53,Yelan,"A mysterious person who claims to work for the Ministry of Civil Affairs, but is a 'non-entity' on the Ministry of Civil Affairs' list.",Hydro,Bow,Liyue,5,"Normal Attack Performs up to 4 consecutive shots with a bow. Charged Attack Perform a more precise Aimed Shot with increased DMG. While aiming, flowing water will accumulate on the arrowhead. A fully charged torrential arrow will deal Hydro DMG. Breakthrough Yelan will enter a 'Breakthrough' state after spending 5s out of combat, which will cause her next Charged Aimed Shot to have 80% decreased charge time, and once charged, she can fire a 'Breakthrough Barb' that will deal AoE Hydro DMG based on Yelan's Max HP.  Plunging Attack  Fires off a shower of arrows in mid-air before falling and striking the ground, dealing AoE DMG upon impact.","Fires off a Lifeline that allows her to move rapidly, entangling and marking opponents along its path. When this rapid movement ends, the Lifeline will explode, dealing Hydro DMG to the marked opponents based on Yelan's Max HP. Tap Moves a certain distance forward swiftly.  Hold Engages in continuous, swift movement, during which Yelan's resistance to interruption is increased. During this time, Yelan can control this rapid movement and end it by using this Skill again.   Additionally, each opponent marked by the Lifeline when it explodes grants Yelan a 34% change to reset her Breakthrough state. ","Deals AoE Hydro DMG and creates an 'Exquisite Throw,' which aids her in battle.  Exquisite Throw Follows the character around and will initiate a coordinated attack under the following circumstances, dealing Hydro DMG based on Yelan's Max HP: * Can occur once every second when your active character uses a Normal Attack. * Will occur each time Yelan's Lifeline explodes and hits opponents."
54,Yoimiya,"Owner of Naganohara Fireworks. Known as the 'Queen of the Summer Festival,' she excels in her craft of creating fireworks that symbolize people's hopes and dreams.",Pyro,Bow,Inazuma,5,"Normal Attack: Performs up to 5 consecutive shots with a bow.  Charged Attack: Perform a more precise Aimed Shot with increased DMG. While aiming, flames will accumulate on the arrowhead before being fired off as an attack. Has different effects based on how long the energy has been charged: Charge Level 1: Fires off a flaming arrow that deals Pyro DMG. Charge Level 2: Generates a maximum of 3 Kindling Arrows based on time spent charging, releasing them as part of this Aimed Shot. Kindling Arrows will home in on nearby opponents, dealing Pyro DMG on hit.  Plunging Attack: Fires off a shower of arrows in mid-air before falling and striking the ground, dealing AoE DMG upon impact.","Yoimiya waves a sparkler and causes a ring of saltpeter to surround her. Niwabi Enshou: During this time, arrows fired by Yoimiya's Normal Attack will be Blazing Arrows, and their DMG will be increased and converted to Pyro DMG. during this time, Firework Flare-Up will not generate Kindling Arrows at Charge Level 2. This effect will deactivate when Yoimiya leaves the field.","Yoimiya leaps into the air along with her original creation, the 'Ryuukin Saxifrage,' and fires forth blazing rockets bursting with surprises that deal AoE Pyro DMG and mark one of the hit opponents with Aurous Blaze. Aurous Blaze: All Normal/Charged/Plunging Attacks, Elemental Skills, and Elemental Bursts by any party member other than Yoimiya that hit an opponent marked by Aurous Blaze will trigger an explosion, dealing AoE Pyro DMG. When an opponent affected by Aurous Blaze is defeated before its duration expires, the effect will pass on to another nearby opponent, who will inherit the remaining duration. One Aurous Blaze explosion can be triggered every 2s. When Yoimiya is down, Aurous Blaze effects created through her skills will be deactivated."
55,Yun Jin,"A renowned Liyue opera singer who is skilled in both playwriting and singing. Her style is one-of-a-kind, exquisite and delicate, much like the person herself.",Geo,Polearm,Liyue,4,"Normal Attack Performs up to 5 consecutive spear strikes. Charged Attack Consumes a certain amount of Stamina to lunge forward, dealing damage to enemies along the way. Plunging Attack Plunges from mid-air to strike the ground below, damaging enemies along the path and dealing AoE DMG upon impact.","Press Flourishes her polearm in a cloud-grasping stance, dealing Geo DMG. Hold Takes up the Opening Flourish stance and charges up, forming a shield. DMG Absorption is based on Yun Jin's Max HP and has 150% effectiveness against all Elemental DMG and Physical DMG. The shield lasts until she finishes unleashing her Elemental Skill. When the skill is released, when its duration ends, or when the shield breaks, Yun Jin will unleash the charged energy as an attack, dealing Geo DMG. Based on the time spent charging, it will either unleash an attack at Charge Level 1 or Level 2.","Deals AoE Geo DMG and grants all nearby party members a Flying Cloud Flag Formation. Flying Cloud Flag Formation When Normal Attack DMG is dealt to opponents, Bonus DMG will be dealt based on Yun Jin's current DEF. The effects of this skill will be cleared after a set duration or after being triggered a specific number of times. When one Normal Attack hits multiple opponents, the effect is triggered multiple times according to the number of opponents hit. The number of times that the effect is triggered is counted independently for each member of the party with Flying Cloud Flag Formation."
56,Zhongli,"A mysterious expert contracted by the Wangsheng Funeral Parlor. Extremely knowledgeable in all things.",Geo,Polearm,Liyue,5,"Normal Attack Performs up to 6 consecutive spear strikes. Charged Attack Consumes a certain amount of Stamina to lunge forward, dealing damage to enemies along the way. Plunging Attack Plunges from mid-air to strike the ground below, damaging enemies along the path and dealing AoE DMG upon impact.","Press Commands the omnipresent power of earth to solidify into a Stone Stele, dealing AoE Geo DMG. Additionally, the Stone Stele will resonate with other Geo Constructs in the vicinity, dealing Geo DMG to surrounding enemies. The Stone Stele is considered a Geo Construct, and can both be climbed and used to block attacks. Only one may exist at any one time. Hold Causes nearby Geo energy to explode, causing the following effects:  Creates a shield of jade. The shield's DMG Absorption scales based on Zhongli's Max HP, and absorbs Geo DMG 250% more effectively. Causes AoE Geo DMG. If there are nearby targets with the Geo element, it will drain a large amount of Geo element from a maximum of 2 such targets. This effect does not cause DMG.  Stone Stele When created, deals AoE Geo DMG. Additionally, it will intermittently resonate with other nearby Geo constructs, dealing Geo DMG to nearby opponents. The Stone Stele is considered a Geo construct that can both be climbed and used to block attacks. Only one Stele created by Zhongli himself may initially exist at any one time.  Jade Shield Possesses 150% DMG Absorption against all Elemental and Physical DMG. Characters protected by the Jade Shield will decrease the Elemental RES and Physical RES of opponents in a small AoE by 20%. This effect cannot be stacked.","Brings a falling meteor down to earth, dealing massive Geo DMG to opponents caught in its AoE and applying the Petrification status to them. Petrification Opponents affected by the Petrification status cannot move."
